Person ID,Gender,Age,Occupation,Sleep Duration,Quality of Sleep,Physical Activity Level,Stress Level,BMI Category,Blood Pressure,Heart Rate,Daily Steps,Sleep Disorder
1,Male,500,Software Engineer,6.1,6,42,6,Overweight,126/83,77,4200,None
2,Male,,Doctor,6.2,6,60,8,Normal,125/80,75,10000,None
3,Male,28,Doctor,6.2,6,60,8,Normal,125/80,75,10000,None
4,Male,28,Sales Representative,5.9,4,30,8,Obese,140/90,85,3000,Sleep Apnea
5,Male,,Sales Representative,5.9,4,30,8,Obese,140/90,85,3000,Sleep Apnea
6,Male,28,Software Engineer,5.9,4,30,8,Obese,140/90,85,3000,Insomnia
7,Male,29,Teacher,6.3,6,40,7,Obese,140/90,82,3500,Insomnia
8,Male,29,Doctor,7.8,7,75,6,Normal,120/80,70,8000,None
9,Male,29,Doctor,6,7,75,6,Normal,120/80,70,8000,None
10,Male,29,Doctor,6,7,75,6,Normal,120/80,70,8000,None
11,Male,29,Doctor,6,7,75,6,Normal,120/80,70,8000,None
12,Male,200,Doctor,6,7,75,6,Normal,120/80,70,8000,None
13,Male,29,Doctor,6,7,75,6,Normal,120/80,70,8000,None
14,Male,29,Doctor,6,7,75,6,Normal,120/80,70,8000,None
15,Male,29,Doctor,6,7,75,6,Normal,120/80,70,8000,None
16,Male,29,Doctor,6,7,75,6,Normal,120/80,70,8000,None
17,Female,29,Nurse,6.5,7,75,6,Normal,132/87,80,4000,Sleep Apnea
18,Male,29,Doctor,6,6,75,6,Normal,120/80,70,8000,Sleep Apnea
19,Female,29,Nurse,6.5,5,75,6,Normal ,132/87,80,4000,Insomnia
20,Male,30,Doctor,7.6,7,75,6,Normal,120/80,70,8000,None
21,Male,30,Doctor,7.7,7,75,6,Normal,120/80,70,8000,None
22,Male,30,Doctor,7.7,7,75,6,Normal,120/80,70,8000,None
23,Male,30,Doctor,7.7,7,75,6,Normal,120/80,70,8000,None
24,Male,30,Doctor,7.7,7,75,6,Normal,120/80,70,8000,None
25,Male,30,Doctor,7.8,7,75,6,Normal,120/80,70,8000,None
26,Male,30,Doctor,7.9,7,75,6,Normal,120/80,70,8000,None
27,Male,30,Doctor,7.8,7,75,6,Normal,120/80,70,8000,None
28,Male,30,Doctor,7.9,7,75,6,Normal,120/80,70,8000,None
29,Male,30,Doctor,7.9,7,75,6,Normal,120/80,70,8000,None
30,Male,30,Doctor,7.9,7,75,6,Normal,120/80,70,8000,None
31,Female,,Nurse,6.4,5,35,7,Normal Weight,130/86,78,4100,Sleep Apnea
32,Female,30,Nurse,6.4,5,35,7,Normal Weight,130/86,78,4100,Insomnia
33,Female,31,Nurse,7.9,8,75,4,Normal Weight,117/76,69,6800,None
34,Male,,Doctor,6.1,6,30,8,Normal,125/80,72,5000,None
35,Male,31,Doctor,7.7,7,75,6,Normal,120/80,70,8000,None
36,Male,31,Doctor,6.1,6,30,8,Normal,125/80,72,5000,None
37,Male,31,Doctor,6.1,6,30,8,Normal,125/80,72,5000,None
38,Male,,Doctor,7.6,7,75,6,Normal,120/80,70,8000,None
39,Male,31,Doctor,7.6,7,75,6,Normal,120/80,70,8000,None
40,Male,31,Doctor,7.6,7,75,6,Normal,120/80,70,8000,None
41,Male,31,Doctor,7.7,7,75,6,Normal,120/80,70,8000,None
42,Male,31,Doctor,7.7,7,75,6,Normal,120/80,70,8000,None
43,Male,31,Doctor,7.7,7,75,6,Normal,120/80,70,8000,None
44,Male,31,Doctor,7.8,7,75,6,Normal,120/80,70,8000,None
45,Male,31,Doctor,7.7,7,75,6,Normal,120/80,70,8000,None
46,Male,31,Doctor,7.8,7,75,6,Normal,120/80,70,8000,None
47,Male,31,Doctor,7.7,7,75,6,Normal,120/80,70,8000,None
48,Male,31,Doctor,7.8,7,75,6,Normal,120/80,70,8000,None
49,Male,31,Doctor,7.7,7,75,6,Normal,120/80,70,8000,None
50,Male,31,Doctor,7.7,7,75,6,Normal,120/80,70,8000,Sleep Apnea
51,Male,32,Engineer,7.5,8,45,3,Normal,120/80,70,8000,None
52,Male,32,Engineer,7.5,8,45,3,Normal,120/80,70,8000,None
53,Male,,Doctor,6,6,30,8,Normal,125/80,72,5000,None
54,Male,32,Doctor,7.6,7,75,6,Normal,120/80,70,8000,None
55,Male,32,Doctor,6,6,30,8,Normal,125/80,72,5000,None
56,Male,32,Doctor,6,6,30,8,Normal,125/80,72,5000,None
57,Male,32,Doctor,7.7,7,75,6,Normal,120/80,70,8000,None
58,Male,32,Doctor,6,6,30,8,Normal,125/80,72,5000,None
59,Male,32,Doctor,6,6,30,8,Normal,125/80,72,5000,None
60,Male,32,Doctor,7.7,7,75,6,Normal,120/80,70,8000,None
61,Male,32,Doctor,6,6,30,8,Normal,125/80,72,5000,None
62,Male,32,Doctor,6,6,30,8,Normal,125/80,72,5000,None
63,Male,32,Doctor,6.2,6,30,8,Normal,125/80,72,5000,None
64,Male,32,Doctor,6.2,6,30,8,Normal,125/80,72,5000,None
65,Male,32,Doctor,6.2,6,30,8,Normal,125/80,72,5000,None
66,Male,32,Doctor,6.2,6,30,8,Normal,125/80,72,5000,None
67,Male,32,Accountant,7.2,8,50,6,Normal Weight,118/76,68,7000,None
68,Male,33,Doctor,6,6,30,8,Normal,125/80,72,5000,Insomnia
69,Female,33,Scientist,6.2,6,50,6,Overweight,128/85,76,5500,None
70,Female,,Scientist,6.2,6,50,6,Overweight,128/85,76,5500,None
71,Male,33,Doctor,6.1,6,30,8,Normal,125/80,72,5000,None
72,Male,33,Doctor,6.1,6,30,8,Normal,125/80,72,5000,None
73,Male,33,Doctor,6.1,6,30,8,Normal,125/80,72,5000,None
74,Male,,Doctor,6.1,6,30,8,Normal,125/80,72,5000,None
75,Male,33,Doctor,6,6,30,8,Normal,125/80,72,5000,None
76,Male,,Doctor,6,6,30,8,Normal,125/80,72,5000,None
77,Male,33,Doctor,6,6,30,8,Normal,125/80,72,5000,None
78,Male,33,Doctor,6,6,30,8,Normal,125/80,72,5000,None
79,Male,33,Doctor,6,6,30,8,Normal,125/80,72,5000,None
80,Male,33,Doctor,6,6,30,8,Normal,125/80,72,5000,None
81,Female,34,Scientist,5.8,4,32,8,Overweight,131/86,81,5200,Sleep Apnea
82,Female,34,Scientist,5.8,4,32,8,Overweight,131/86,81,5200,Sleep Apnea
83,Male,35,Teacher,6.7,7,40,5,Overweight,128/84,70,5600,None
84,Male,35,Teacher,6.7,7,40,5,Overweight,128/84,70,5600,None
85,Male,35,Software Engineer,7.5,8,60,5,Normal Weight,120/80,70,8000,None
86,Female,35,Accountant,7.2,8,60,4,Normal,115/75,68,7000,None
87,Male,35,Engineer,7.2,8,60,4,Normal,125/80,65,5000,None
88,Male,35,Engineer,7.2,8,60,4,Normal,125/80,65,5000,None
89,Male,35,Engineer,7.3,8,60,4,Normal,125/80,65,5000,None
90,Male,35,Engineer,7.3,8,60,4,Normal,125/80,65,5000,None
91,Male,35,Engineer,7.3,8,60,4,Normal,125/80,65,5000,None
92,Male,35,Engineer,7.3,8,60,4,Normal,125/80,65,5000,None
93,Male,35,Software Engineer,7.5,8,60,5,Normal Weight,120/80,70,8000,None
94,Male,35,Lawyer,7.4,7,60,5,Obese,135/88,84,3300,Sleep Apnea
95,Female,36,Accountant,7.2,8,60,4,Normal,115/75,68,7000,Insomnia
96,Female,36,Accountant,7.1,8,60,4,Normal,115/75,68,7000,None
97,Female,36,Accountant,7.2,8,60,4,Normal,115/75,68,7000,None
98,Female,36,Accountant,7.1,8,60,4,Normal,115/75,68,7000,None
99,Female,36,Teacher,7.1,8,60,4,Normal,115/75,68,7000,None
100,Female,,Teacher,7.1,8,60,4,Normal,115/75,68,7000,None
101,Female,36,Teacher,7.2,8,60,4,Normal,115/75,68,7000,None
102,Female,36,Teacher,7.2,8,60,4,Normal,115/75,68,7000,None
103,Female,36,Teacher,7.2,8,60,4,Normal,115/75,68,7000,None
104,Male,36,Teacher,6.6,5,35,7,Overweight,129/84,74,4800,Sleep Apnea
105,Female,36,Teacher,7.2,8,60,4,Normal,115/75,68,7000,Sleep Apnea
106,Male,36,Teacher,6.6,5,35,7,Overweight,129/84,74,4800,Insomnia
107,Female,37,Nurse,6.1,6,42,6,Overweight,126/83,77,4200,None
108,Male,37,Engineer,7.8,8,70,4,Normal Weight,120/80,68,7000,None
109,Male,37,Engineer,7.8,8,70,4,Normal Weight,120/80,68,7000,None
110,Male,37,Lawyer,7.4,8,60,5,Normal,130/85,68,8000,None
111,Female,37,Accountant,7.2,8,60,4,Normal,115/75,68,7000,None
112,Male,37,Lawyer,7.4,8,60,5,Normal,130/85,68,8000,None
113,Female,37,Accountant,7.2,8,60,4,Normal,115/75,68,7000,None
114,Male,,Lawyer,7.4,8,60,5,Normal,130/85,68,8000,None
115,Female,37,Accountant,7.2,8,60,4,Normal,115/75,68,7000,None
116,Female,37,Accountant,7.2,8,60,4,Normal,115/75,68,7000,None
117,Female,37,Accountant,7.2,8,60,4,Normal,115/75,68,7000,None
118,Female,37,Accountant,7.2,8,60,4,Normal,115/75,68,7000,None
119,Female,37,Accountant,7.2,8,60,4,Normal,115/75,68,7000,None
120,Female,37,Accountant,7.2,8,60,4,Normal,115/75,68,7000,None
121,Female,37,Accountant,7.2,8,60,4,Normal,115/75,68,7000,None
122,Female,37,Accountant,7.2,8,60,4,Normal,115/75,68,7000,None
123,Female,37,Accountant,7.2,8,60,4,Normal,115/75,68,7000,None
124,Female,37,Accountant,7.2,8,60,4,Normal,115/75,68,7000,None
125,Female,37,Accountant,7.2,8,60,4,Normal,115/75,68,7000,None
126,Female,37,Nurse,7.5,8,60,4,Normal Weight,120/80,70,8000,None
127,Male,38,Lawyer,7.3,8,60,5,Normal,130/85,68,8000,None
128,Female,38,Accountant,7.1,8,60,4,Normal,115/75,68,7000,None
129,Male,38,Lawyer,7.3,8,60,5,Normal,130/85,68,8000,None
130,Male,38,Lawyer,7.3,8,60,5,Normal,130/85,68,8000,None
131,Female,38,Accountant,7.1,8,60,4,Normal,115/75,68,7000,None
132,Male,38,Lawyer,7.3,8,60,5,Normal,130/85,68,8000,None
133,Male,38,Lawyer,7.3,8,60,5,Normal,130/85,68,8000,None
134,Female,,Accountant,7.1,8,60,4,Normal,115/75,68,7000,None
135,Male,38,Lawyer,7.3,8,60,5,Normal,130/85,68,8000,None
136,Male,,Lawyer,7.3,8,60,5,Normal,130/85,68,8000,None
137,Female,38,Accountant,7.1,8,60,4,Normal,115/75,68,7000,None
138,Male,38,Lawyer,7.1,8,60,5,Normal,130/85,68,8000,None
139,Female,38,Accountant,7.1,8,60,4,Normal,115/75,68,7000,None
140,Male,38,Lawyer,7.1,8,60,5,Normal,130/85,68,8000,None
141,Female,38,Accountant,7.1,8,60,4,Normal,115/75,68,7000,None
142,Male,38,Lawyer,7.1,8,60,5,Normal,130/85,68,8000,None
143,Female,38,Accountant,7.1,8,60,4,Normal,115/75,68,7000,None
144,Female,38,Accountant,7.1,8,60,4,Normal,115/75,68,7000,None
145,Male,38,Lawyer,7.1,8,60,5,Normal,130/85,68,8000,Sleep Apnea
146,Female,38,Lawyer,7.4,7,60,5,Obese,135/88,84,3300,Sleep Apnea
147,Male,39,Lawyer,7.2,8,60,5,Normal,130/85,68,8000,Insomnia
148,Male,,Engineer,6.5,5,40,7,Overweight,132/87,80,4000,Insomnia
149,Female,39,Lawyer,6.9,7,50,6,Normal Weight,128/85,75,5500,None
150,Female,,Accountant,8,9,80,3,Normal Weight,115/78,67,7500,None
151,Female,39,Accountant,8,9,80,3,Normal Weight,115/78,67,7500,None
152,Male,39,Lawyer,7.2,8,60,5,Normal,130/85,68,8000,None
153,Male,,Lawyer,7.2,8,60,5,Normal,130/85,68,8000,None
154,Male,39,Lawyer,7.2,8,60,5,Normal,130/85,68,8000,None
155,Male,39,Lawyer,7.2,8,60,5,Normal,130/85,68,8000,None
156,Male,39,Lawyer,7.2,8,60,5,Normal,130/85,68,8000,None
157,Male,39,Lawyer,7.2,8,60,5,Normal,130/85,68,8000,None
158,Male,39,Lawyer,7.2,8,60,5,Normal,130/85,68,8000,None
159,Male,39,Lawyer,7.2,8,60,5,Normal,130/85,68,8000,None
160,Male,39,Lawyer,7.2,8,60,5,Normal,130/85,68,8000,None
161,Male,39,Lawyer,7.2,8,60,5,Normal,130/85,68,8000,None
162,Female,40,Accountant,7.2,8,55,6,Normal Weight,119/77,73,7300,None
163,Female,40,Accountant,7.2,8,55,6,Normal Weight,119/77,73,7300,None
164,Male,40,Lawyer,7.9,8,90,5,Normal,130/85,68,8000,None
165,Male,40,Lawyer,7.9,8,90,5,Normal,130/85,68,8000,None
166,Male,41,Lawyer,7.6,8,90,5,Normal,130/85,70,8000,Insomnia
167,Male,41,Engineer,7.3,8,70,6,Normal Weight,121/79,72,6200,None
168,Male,41,Lawyer,7.1,7,55,6,Overweight,125/82,72,6000,None
169,Male,41,Lawyer,7.1,7,55,6,Overweight,125/82,72,6000,None
170,Male,41,Lawyer,7.7,8,90,5,Normal,130/85,70,8000,None
171,Male,41,Lawyer,7.7,8,90,5,Normal,130/85,70,8000,None
172,Male,41,Lawyer,7.7,8,90,5,Normal,130/85,70,8000,None
173,Male,41,Lawyer,7.7,8,90,5,Normal,130/85,70,8000,None
174,Male,,Lawyer,7.7,8,90,5,Normal,130/85,70,8000,None
175,Male,41,Lawyer,7.6,8,90,5,Normal,130/85,70,8000,None
176,Male,41,Lawyer,7.6,8,90,5,Normal,130/85,70,8000,None
177,Male,41,Lawyer,7.6,8,90,5,Normal,130/85,70,8000,None
178,Male,42,Salesperson,6.5,6,45,7,Overweight,130/85,72,6000,Insomnia
179,Male,42,Lawyer,7.8,8,90,5,Normal,130/85,70,8000,None
180,Male,42,Lawyer,7.8,8,90,5,Normal,130/85,70,8000,None
181,Male,42,Lawyer,7.8,8,90,5,Normal,130/85,70,8000,None
182,Male,42,Lawyer,7.8,8,90,5,Normal,130/85,70,8000,None
183,Male,42,Lawyer,7.8,8,90,5,Normal,130/85,70,8000,None
184,Male,42,Lawyer,7.8,8,90,5,Normal,130/85,70,8000,None
185,Female,42,Teacher,6.8,6,45,7,Overweight,130/85,78,5000,Sleep Apnea
186,Female,42,Teacher,6.8,6,45,7,Overweight,130/85,78,5000,Sleep Apnea
187,Female,43,Teacher,6.7,7,45,4,Overweight,135/90,65,6000,Insomnia
188,Male,43,Salesperson,6.3,6,45,7,Overweight,130/85,72,6000,Insomnia
189,Female,43,Teacher,6.7,7,45,4,Overweight,135/90,65,6000,Insomnia
190,Male,43,Salesperson,6.5,6,45,7,Overweight,130/85,72,6000,Insomnia
191,Female,43,Teacher,6.7,7,45,4,Overweight,135/90,65,6000,Insomnia
192,Male,43,Salesperson,6.4,6,45,7,Overweight,130/85,72,6000,Insomnia
193,Male,43,Salesperson,6.5,6,45,7,Overweight,130/85,72,6000,Insomnia
194,Male,43,Salesperson,6.5,6,45,7,Overweight,130/85,72,6000,Insomnia
195,Male,43,Salesperson,6.5,6,45,7,Overweight,130/85,72,6000,Insomnia
196,Male,,Salesperson,6.5,6,45,7,Overweight,130/85,72,6000,Insomnia
197,Male,43,Salesperson,6.5,6,45,7,Overweight,130/85,72,6000,Insomnia
198,Male,43,Salesperson,6.5,6,45,7,Overweight,130/85,72,6000,Insomnia
199,Male,43,Salesperson,6.5,6,45,7,Overweight,130/85,72,6000,Insomnia
200,Male,43,Salesperson,6.5,6,45,7,Overweight,130/85,72,6000,Insomnia
201,Male,43,Salesperson,6.5,6,45,7,Overweight,130/85,72,6000,Insomnia
202,Male,43,Engineer,7.8,8,90,5,Normal,130/85,70,8000,Insomnia
203,Male,43,Engineer,7.8,8,90,5,Normal,130/85,70,8000,Insomnia
204,Male,43,Engineer,6.9,6,47,7,Normal Weight,117/76,69,6800,None
205,Male,43,Engineer,7.6,8,75,4,Overweight,122/80,68,6800,None
206,Male,43,Engineer,7.7,8,90,5,Normal,130/85,70,8000,None
207,Male,43,Engineer,7.7,8,90,5,Normal,130/85,70,8000,None
208,Male,43,Engineer,7.7,8,90,5,Normal,130/85,70,8000,None
209,Male,43,Engineer,7.7,8,90,5,Normal,130/85,70,8000,None
210,Male,43,Engineer,7.8,8,90,5,Normal,130/85,70,8000,None
211,Male,43,Engineer,7.7,8,90,5,Normal,130/85,70,8000,None
212,Male,43,Engineer,7.8,8,90,5,Normal,130/85,70,8000,None
213,Male,43,Engineer,7.8,8,90,5,Normal,130/85,70,8000,None
214,Male,43,Engineer,7.8,8,90,5,Normal,130/85,70,8000,None
215,Male,43,Engineer,7.8,8,90,5,Normal,130/85,70,8000,None
216,Male,43,Engineer,7.8,8,90,5,Normal,130/85,70,8000,None
217,Male,43,Engineer,7.8,8,90,5,Normal,130/85,70,8000,None
218,Male,43,Engineer,7.8,8,90,5,Normal,130/85,70,8000,None
219,Male,43,Engineer,7.8,8,90,5,Normal,130/85,70,8000,Sleep Apnea
220,Male,43,Salesperson,6.5,6,45,7,Overweight,130/85,72,6000,Sleep Apnea
221,Female,44,Teacher,6.6,7,45,4,Overweight,135/90,65,6000,Insomnia
222,Male,44,Salesperson,6.4,6,45,7,Overweight,130/85,72,6000,Insomnia
223,Male,44,Salesperson,6.3,6,45,7,Overweight,130/85,72,6000,Insomnia
224,Male,44,Salesperson,6.4,6,45,7,Overweight,130/85,72,6000,Insomnia
225,Female,44,Teacher,6.6,7,45,4,Overweight,135/90,65,6000,Insomnia
226,Male,44,Salesperson,6.3,6,45,7,Overweight,130/85,72,6000,Insomnia
227,Female,44,Teacher,6.6,7,45,4,Overweight,135/90,65,6000,Insomnia
228,Male,44,Salesperson,6.3,6,45,7,Overweight,130/85,72,6000,Insomnia
229,Female,44,Teacher,6.6,7,45,4,Overweight,135/90,65,6000,Insomnia
230,Male,44,Salesperson,6.3,6,45,7,Overweight,130/85,72,6000,Insomnia
231,Female,,Teacher,6.6,7,45,4,Overweight,135/90,65,6000,Insomnia
232,Male,44,Salesperson,6.3,6,45,7,Overweight,130/85,72,6000,Insomnia
233,Female,44,Teacher,6.6,7,45,4,Overweight,135/90,65,6000,Insomnia
234,Male,44,Salesperson,6.3,6,45,7,Overweight,130/85,72,6000,Insomnia
235,Female,44,Teacher,6.6,7,45,4,Overweight,135/90,65,6000,Insomnia
236,Male,44,Salesperson,6.3,6,45,7,Overweight,130/85,72,6000,Insomnia
237,Male,44,Salesperson,6.4,6,45,7,Overweight,130/85,72,6000,Insomnia
238,Female,44,Teacher,6.5,7,45,4,Overweight,135/90,65,6000,Insomnia
239,Male,44,Salesperson,6.3,6,45,7,Overweight,130/85,72,6000,Insomnia
240,Male,44,Salesperson,6.4,6,45,7,Overweight,130/85,72,6000,Insomnia
241,Female,44,Teacher,6.5,7,45,4,Overweight,135/90,65,6000,Insomnia
242,Male,44,Salesperson,6.3,6,45,7,Overweight,130/85,72,6000,Insomnia
243,Male,44,Salesperson,6.4,6,45,7,Overweight,130/85,72,6000,Insomnia
244,Female,44,Teacher,6.5,7,45,4,Overweight,135/90,65,6000,Insomnia
245,Male,44,Salesperson,6.3,6,45,7,Overweight,130/85,72,6000,Insomnia
246,Female,44,Teacher,6.5,7,45,4,Overweight,135/90,65,6000,Insomnia
247,Male,44,Salesperson,6.3,6,45,7,Overweight,130/85,72,6000,Insomnia
248,Male,44,Engineer,6.8,7,45,7,Overweight,130/85,78,5000,Insomnia
249,Male,44,Salesperson,6.4,6,45,7,Overweight,130/85,72,6000,None
250,Male,44,Salesperson,6.5,6,45,7,Overweight,130/85,72,6000,None
251,Female,45,Teacher,6.8,7,30,6,Overweight,135/90,65,6000,Insomnia
252,Female,45,Teacher,6.8,7,30,6,Overweight,135/90,65,6000,Insomnia
253,Female,45,Teacher,6.5,7,45,4,Overweight,135/90,65,6000,Insomnia
254,Female,45,Teacher,6.5,7,45,4,Overweight,135/90,65,6000,Insomnia
255,Female,45,Teacher,6.5,7,45,4,Overweight,135/90,65,6000,Insomnia
256,Female,45,Teacher,6.5,7,45,4,Overweight,135/90,65,6000,Insomnia
257,Female,45,Teacher,6.6,7,45,4,Overweight,135/90,65,6000,Insomnia
258,Female,45,Teacher,6.6,7,45,4,Overweight,135/90,65,6000,Insomnia
259,Female,45,Teacher,6.6,7,45,4,Overweight,135/90,65,6000,Insomnia
260,Female,45,Teacher,6.6,7,45,4,Overweight,135/90,65,6000,Insomnia
261,Female,,Teacher,6.6,7,45,4,Overweight,135/90,65,6000,Insomnia
262,Female,45,Teacher,6.6,7,45,4,Overweight,135/90,65,6000,None
263,Female,45,Teacher,6.6,7,45,4,Overweight,135/90,65,6000,None
264,Female,45,Manager,6.9,7,55,5,Overweight,125/82,75,5500,None
265,Male,48,Doctor,7.3,7,65,5,Obese,142/92,83,3500,Insomnia
266,Female,48,Nurse,5.9,6,90,8,Overweight,140/95,75,10000,Sleep Apnea
267,Male,48,Doctor,7.3,7,65,5,Obese,142/92,83,3500,Insomnia
268,Female,49,Nurse,6.2,6,90,8,Overweight,140/95,75,10000,None
269,Female,49,Nurse,6,6,90,8,Overweight,140/95,75,10000,Sleep Apnea
270,Female,49,Nurse,6.1,6,90,8,Overweight,140/95,75,10000,Sleep Apnea
271,Female,49,Nurse,6.1,6,90,8,Overweight,140/95,75,10000,Sleep Apnea
272,Female,49,Nurse,6.1,6,90,8,Overweight,140/95,75,10000,Sleep Apnea
273,Female,49,Nurse,6.1,6,90,8,Overweight,140/95,75,10000,Sleep Apnea
274,Female,49,Nurse,6.2,6,90,8,Overweight,140/95,75,10000,Sleep Apnea
275,Female,49,Nurse,6.2,6,90,8,Overweight,140/95,75,10000,Sleep Apnea
276,Female,49,Nurse,6.2,6,90,8,Overweight,140/95,75,10000,Sleep Apnea
277,Male,49,Doctor,8.1,9,85,3,Obese,139/91,86,3700,Sleep Apnea
278,Male,49,Doctor,8.1,9,85,3,Obese,139/91,86,3700,Sleep Apnea
279,Female,50,Nurse,6.1,6,90,8,Overweight,140/95,75,10000,Insomnia
280,Female,50,Engineer,8.3,9,30,3,Normal,125/80,65,5000,None
281,Female,50,Nurse,6,6,90,8,Overweight,140/95,75,10000,None
282,Female,50,Nurse,6.1,6,90,8,Overweight,140/95,75,10000,Sleep Apnea
283,Female,50,Nurse,6,6,90,8,Overweight,140/95,75,10000,Sleep Apnea
284,Female,50,Nurse,6,6,90,8,Overweight,140/95,75,10000,Sleep Apnea
285,Female,50,Nurse,6,6,90,8,Overweight,140/95,75,10000,Sleep Apnea
286,Female,50,Nurse,6,6,90,8,Overweight,140/95,75,10000,Sleep Apnea
287,Female,50,Nurse,6,6,90,8,Overweight,140/95,75,10000,Sleep Apnea
288,Female,,Nurse,6,6,90,8,Overweight,140/95,75,10000,Sleep Apnea
289,Female,50,Nurse,6,6,90,8,Overweight,140/95,75,10000,Sleep Apnea
290,Female,50,Nurse,6.1,6,90,8,Overweight,140/95,75,10000,Sleep Apnea
291,Female,50,Nurse,6,6,90,8,Overweight,140/95,75,10000,Sleep Apnea
292,Female,50,Nurse,6.1,6,90,8,Overweight,140/95,75,10000,Sleep Apnea
293,Female,50,Nurse,6.1,6,90,8,Overweight,140/95,75,10000,Sleep Apnea
294,Female,50,Nurse,6,6,90,8,Overweight,140/95,75,10000,Sleep Apnea
295,Female,50,Nurse,6.1,6,90,8,Overweight,140/95,75,10000,Sleep Apnea
296,Female,50,Nurse,6,6,90,8,Overweight,140/95,75,10000,Sleep Apnea
297,Female,50,Nurse,6.1,6,90,8,Overweight,140/95,75,10000,Sleep Apnea
298,Female,50,Nurse,6.1,6,90,8,Overweight,140/95,75,10000,Sleep Apnea
299,Female,51,Engineer,8.5,9,30,3,Normal,125/80,65,5000,None
300,Female,51,Engineer,8.5,9,30,3,Normal,125/80,65,5000,None
301,Female,51,Engineer,8.5,9,30,3,Normal,125/80,65,5000,None
302,Female,51,Engineer,8.5,9,30,3,Normal,125/80,65,5000,None
303,Female,51,Nurse,7.1,7,55,6,Normal Weight,125/82,72,6000,None
304,Female,51,Nurse,6,6,90,8,Overweight,140/95,75,10000,Sleep Apnea
305,Female,51,Nurse,6.1,6,90,8,Overweight,140/95,75,10000,Sleep Apnea
306,Female,51,Nurse,6.1,6,90,8,Overweight,140/95,75,10000,Sleep Apnea
307,Female,,Accountant,6.5,7,45,7,Overweight,130/85,72,6000,Insomnia
308,Female,52,Accountant,6.5,7,45,7,Overweight,130/85,72,6000,Insomnia
309,Female,52,Accountant,6.6,7,45,7,Overweight,130/85,72,6000,Insomnia
310,Female,52,Accountant,6.6,7,45,7,Overweight,130/85,72,6000,Insomnia
311,Female,52,Accountant,6.6,7,45,7,Overweight,130/85,72,6000,Insomnia
312,Female,52,Accountant,6.6,7,45,7,Overweight,130/85,72,6000,Insomnia
313,Female,52,Engineer,8.4,9,30,3,Normal,125/80,65,5000,None
314,Female,52,Engineer,8.4,9,30,3,Normal,125/80,65,5000,None
315,Female,52,Engineer,8.4,9,30,3,Normal,125/80,65,5000,None
316,Female,,Engineer,8.3,9,30,3,Normal,125/80,65,5000,Insomnia
317,Female,53,Engineer,8.5,9,30,3,Normal,125/80,65,5000,None
318,Female,53,Engineer,8.5,9,30,3,Normal,125/80,65,5000,None
319,Female,53,Engineer,8.4,9,30,3,Normal,125/80,65,5000,None
320,Female,53,Engineer,8.4,9,30,3,Normal,125/80,65,5000,None
321,Female,53,Engineer,8.5,9,30,3,Normal,125/80,65,5000,None
322,Female,53,Engineer,8.4,9,30,3,Normal,125/80,65,5000,None
323,Female,53,Engineer,8.4,9,30,3,Normal,125/80,65,5000,None
324,Female,53,Engineer,8.5,9,30,3,Normal,125/80,65,5000,None
325,Female,53,Engineer,8.3,9,30,3,Normal,125/80,65,5000,None
326,Female,53,Engineer,8.5,9,30,3,Normal,125/80,65,5000,None
327,Female,53,Engineer,8.3,9,30,3,Normal,125/80,65,5000,None
328,Female,53,Engineer,8.5,9,30,3,Normal,125/80,65,5000,None
329,Female,53,Engineer,8.3,9,30,3,Normal,125/80,65,5000,None
330,Female,53,Engineer,8.5,9,30,3,Normal,125/80,65,5000,None
331,Female,53,Engineer,8.5,9,30,3,Normal,125/80,65,5000,None
332,Female,53,Engineer,8.4,9,30,3,Normal,125/80,65,5000,None
333,Female,54,Engineer,8.4,9,30,3,Normal,125/80,65,5000,None
334,Female,54,Engineer,8.4,9,30,3,Normal,125/80,65,5000,None
335,Female,54,Engineer,8.4,9,30,3,Normal,125/80,65,5000,None
336,Female,54,Engineer,8.4,9,30,3,Normal,125/80,65,5000,None
337,Female,54,Engineer,8.4,9,30,3,Normal,125/80,65,5000,None
338,Female,54,Engineer,8.4,9,30,3,Normal,125/80,65,5000,None
339,Female,54,Engineer,8.5,9,30,3,Normal,125/80,65,5000,None
340,Female,,Nurse,8.1,9,75,4,Overweight,140/95,72,5000,Sleep Apnea
341,Female,55,Nurse,8.1,9,75,4,Overweight,140/95,72,5000,Sleep Apnea
342,Female,56,Doctor,8.2,9,90,3,Normal Weight,118/75,65,10000,None
343,Female,56,Doctor,8.2,9,90,3,Normal Weight,118/75,65,10000,None
344,Female,57,Nurse,8.1,9,75,3,Overweight,140/95,68,7000,None
345,Female,57,Nurse,8.2,9,75,3,Overweight,140/95,68,7000,Sleep Apnea
346,Female,57,Nurse,8.2,9,75,3,Overweight,140/95,68,7000,Sleep Apnea
347,Female,57,Nurse,8.2,9,75,3,Overweight,140/95,68,7000,Sleep Apnea
348,Female,57,Nurse,8.2,9,75,3,Overweight,140/95,68,7000,Sleep Apnea
349,Female,57,Nurse,8.2,9,75,3,Overweight,140/95,68,7000,Sleep Apnea
350,Female,57,Nurse,8.1,9,75,3,Overweight,140/95,68,7000,Sleep Apnea
351,Female,57,Nurse,8.1,9,75,3,Overweight,140/95,68,7000,Sleep Apnea
352,Female,57,Nurse,8.1,9,75,3,Overweight,140/95,68,7000,Sleep Apnea
353,Female,58,Nurse,8,9,75,3,Overweight,140/95,68,7000,Sleep Apnea
354,Female,58,Nurse,8,9,75,3,Overweight,140/95,68,7000,Sleep Apnea
355,Female,58,Nurse,8,9,75,3,Overweight,140/95,68,7000,Sleep Apnea
356,Female,58,Nurse,8,9,75,3,Overweight,140/95,68,7000,Sleep Apnea
357,Female,58,Nurse,8,9,75,3,Overweight,140/95,68,7000,Sleep Apnea
358,Female,58,Nurse,8,9,75,3,Overweight,140/95,68,7000,Sleep Apnea
359,Female,59,Nurse,8,9,75,3,Overweight,140/95,68,7000,None
360,Female,59,Nurse,8.1,9,75,3,Overweight,140/95,68,7000,None
361,Female,59,Nurse,8.2,9,75,3,Overweight,140/95,68,7000,Sleep Apnea
362,Female,59,Nurse,8.2,9,75,3,Overweight,140/95,68,7000,Sleep Apnea
363,Female,59,Nurse,8.2,9,75,3,Overweight,140/95,68,7000,Sleep Apnea
364,Female,,Nurse,8.2,9,75,3,Overweight,140/95,68,7000,Sleep Apnea
365,Female,59,Nurse,8,9,75,3,Overweight,140/95,68,7000,Sleep Apnea
366,Female,59,Nurse,8,9,75,3,Overweight,140/95,68,7000,Sleep Apnea
367,Female,59,Nurse,8.1,9,75,3,Overweight,140/95,68,7000,Sleep Apnea
368,Female,59,Nurse,8,9,75,3,Overweight,140/95,68,7000,Sleep Apnea
369,Female,59,Nurse,8.1,9,75,3,Overweight,140/95,68,7000,Sleep Apnea
370,Female,59,Nurse,8.1,9,75,3,Overweight,140/95,68,7000,Sleep Apnea
371,Female,59,Nurse,8,9,75,3,Overweight,140/95,68,7000,Sleep Apnea
372,Female,59,Nurse,8.1,9,75,3,Overweight,140/95,68,7000,Sleep Apnea
373,Female,59,Nurse,8.1,9,75,3,Overweight,140/95,68,7000,Sleep Apnea
374,Female,59,Nurse,8.1,9,75,3,Overweight,140/95,68,7000,Sleep Apnea
375,Female,35,Manager,7.4,10,33,2,Underweight,115/70,69,10428,Sleep Apnea
376,Female,47,Doctor,4.8,5,37,4,Underweight,136/77,65,4872,None
377,Female,22,Doctor,4.5,2,93,5,Overweight,133/79,69,8125,Sleep Apnea
378,Male,36,Scientist,4.7,1,25,6,Overweight,131/82,68,11043,None
379,Male,43,Clerk,8.3,5,31,1,Overweight,118/83,79,2224,None
380,Female,43,Clerk,8.7,8,78,5,Underweight,133/79,67,10886,Insomnia
381,Male,60,Manager,6,1,82,9,Obese,118/89,98,14931,None
382,Male,63,Software Engineer,7.3,7,71,2,Overweight,121/81,97,9267,Insomnia
383,Female,62,Manager,7.7,10,50,10,Underweight,110/70,78,1514,None
384,Male,26,Artist,6.3,5,76,3,Underweight,124/84,75,14103,None
385,Female,48,Teacher,8.3,10,40,5,Obese,116/89,67,12086,None
386,Female,27,Clerk,6.8,6,81,5,Normal,126/88,68,6024,None
387,Female,26,Nurse,4.7,5,58,6,Obese,133/70,79,13983,Sleep Apnea
388,Female,,Clerk,8.2,9,50,3,Underweight,139/80,78,14037,Insomnia
389,Male,64,Scientist,5.1,4,25,3,Obese,111/82,71,4711,None
390,Female,59,Software Engineer,4.9,8,96,6,Obese,136/90,70,9114,None
391,Male,60,Nurse,6.8,3,30,9,Underweight,129/86,96,6236,Insomnia
392,Female,63,Engineer,6.2,2,47,6,Overweight,124/86,82,13269,None
393,Male,43,Artist,7.1,6,19,2,Underweight,118/70,66,1159,None
394,Female,52,Scientist,4.7,7,76,1,Obese,127/85,64,2357,None
395,Male,22,Doctor,6.1,10,96,10,Normal,124/73,73,10522,None
396,Male,31,Doctor,8.3,10,12,4,Underweight,117/73,66,10680,Sleep Apnea
397,Male,43,Salesperson,6.8,7,16,2,Overweight,131/80,90,10060,None
398,Female,44,Doctor,7.5,3,12,6,Obese,112/75,93,12282,None
399,Male,58,Clerk,6.4,2,88,2,Normal,136/86,72,14496,Sleep Apnea
400,Female,63,Nurse,8.8,5,67,2,Underweight,120/89,98,8675,None
401,Female,43,Artist,7.9,10,15,9,Obese,110/86,80,13323,None
402,Male,59,Engineer,8.7,7,12,1,Overweight,112/89,100,9799,None
403,Male,21,Doctor,5.3,5,56,2,Underweight,131/90,80,3130,None
404,Male,64,Salesperson,6.2,8,86,6,Obese,125/84,79,10563,None
405,Female,55,Scientist,6.2,10,11,3,Overweight,135/78,80,7975,None
406,Male,32,Engineer,5.8,4,45,6,Normal,118/80,89,1859,None
407,Female,45,Software Engineer,5.5,7,18,5,Obese,134/75,92,4264,None
408,Male,56,Teacher,8.2,2,79,3,Normal,132/90,88,4066,None
409,Female,42,Engineer,8.2,7,81,2,Normal,113/89,63,9092,None
410,Male,46,Clerk,8.4,1,39,4,Underweight,132/84,90,9649,None
411,Male,39,Scientist,9,4,45,1,Overweight,117/74,87,3804,Insomnia
412,Female,,Artist,7.5,6,43,9,Obese,138/86,66,4954,None
413,Female,62,Teacher,5,3,24,5,Normal,116/82,85,6957,None
414,Female,21,Teacher,6.5,8,10,8,Overweight,125/88,63,13676,Insomnia
415,Male,48,Nurse,6.7,6,83,4,Obese,128/71,87,14968,None
416,Female,40,Artist,6.7,2,39,6,Overweight,139/82,100,13941,None
417,Female,34,Artist,6.4,7,59,5,Obese,138/71,87,14153,None
418,Female,50,Engineer,5.2,5,13,4,Underweight,140/87,70,14369,None
419,Female,30,Engineer,7.4,7,68,5,Overweight,139/78,78,7060,None
420,Male,32,Nurse,4.7,1,51,3,Obese,119/78,78,12986,None
421,Male,59,Teacher,6.4,8,84,3,Underweight,138/73,74,11647,Sleep Apnea
422,Male,25,Teacher,7,3,69,9,Normal,124/81,83,12730,None
423,Female,31,Engineer,8.7,6,32,10,Overweight,115/83,79,4529,Sleep Apnea
424,Male,35,Doctor,6.9,10,50,7,Overweight,130/82,64,4953,None
425,Male,33,Manager,8.7,10,62,5,Overweight,113/87,95,2865,None
426,Male,37,Clerk,9,10,37,4,Normal,128/90,72,6815,None
427,Male,50,Manager,6.8,4,83,8,Obese,129/89,89,5239,None
428,Male,56,Scientist,5.4,8,62,10,Overweight,116/86,71,11536,None
429,Female,55,Doctor,5.1,4,33,7,Normal,135/81,90,14900,None
430,Male,25,Teacher,8.8,6,20,10,Underweight,126/71,87,7360,Insomnia
431,Female,38,Software Engineer,8.3,1,71,4,Normal,132/82,90,10300,None
432,Male,,Doctor,8.1,1,47,9,Overweight,140/88,100,10474,Insomnia
433,Male,61,Scientist,4.9,10,62,4,Underweight,112/80,82,1773,None
434,Male,22,Salesperson,8,2,32,6,Obese,114/79,97,1526,Insomnia
435,Female,61,Manager,6.2,5,36,8,Obese,130/78,96,12403,Sleep Apnea
436,Female,65,Software Engineer,7.1,9,41,2,Overweight,132/88,70,3983,None
437,Male,27,Doctor,7,4,66,4,Obese,131/79,63,3190,Insomnia
438,Male,29,Artist,8.2,4,18,8,Obese,140/76,66,5018,None
439,Male,56,Artist,7.3,9,70,3,Overweight,134/80,65,4403,Insomnia
440,Female,57,Doctor,8.2,9,72,4,Overweight,114/76,73,5815,None
441,Female,23,Manager,8.6,8,74,8,Normal,135/76,90,8317,Insomnia
442,Male,42,Software Engineer,5,1,55,1,Underweight,130/79,92,10334,None
443,Male,52,Artist,6.9,4,44,5,Underweight,137/70,88,14505,None
444,Male,64,Manager,4.6,8,93,3,Underweight,124/87,68,9589,None
445,Male,63,Engineer,4.9,3,12,1,Obese,110/84,64,6975,None
446,Female,60,Software Engineer,5.6,7,88,2,Overweight,128/90,92,14112,None
447,Male,53,Manager,7.1,3,13,9,Underweight,117/89,98,11187,Insomnia
448,Male,,Teacher,4.8,2,45,10,Overweight,111/72,80,8105,None
449,Male,57,Software Engineer,5.1,5,57,3,Normal,122/83,94,13720,None
450,Male,39,Scientist,6.7,6,22,1,Overweight,131/79,79,14101,Sleep Apnea
451,Male,29,Clerk,8.3,10,10,7,Obese,114/80,67,11013,None
452,Female,43,Artist,5.1,9,21,4,Normal,121/90,84,13273,None
453,Female,36,Artist,7,7,29,4,Normal,114/85,83,14712,None
454,Male,39,Clerk,5,3,86,3,Underweight,124/82,86,1795,None
455,Male,62,Doctor,6.6,10,42,10,Obese,119/83,69,11985,None
456,Female,62,Salesperson,7.2,4,45,1,Overweight,122/78,75,2087,None
457,Male,50,Artist,8.7,6,87,6,Underweight,111/87,61,10239,None
458,Male,21,Software Engineer,5.3,4,21,5,Obese,111/74,61,5935,Sleep Apnea
459,Male,61,Clerk,6.2,3,64,1,Obese,122/74,89,14734,Sleep Apnea
460,Male,,Salesperson,4.9,8,20,10,Overweight,139/88,85,11332,None
461,Male,39,Clerk,4.5,3,90,4,Overweight,140/70,98,13594,Sleep Apnea
462,Female,38,Clerk,4.9,4,99,3,Obese,110/86,73,9281,Insomnia
463,Female,21,Manager,5.3,9,42,6,Obese,129/81,87,9254,None
464,Female,47,Nurse,5.5,7,46,3,Underweight,140/87,88,12509,None
465,Male,56,Clerk,7.5,9,80,7,Underweight,121/83,68,12346,None
466,Male,62,Manager,7.7,6,76,2,Obese,114/75,68,11216,None
467,Female,26,Artist,5,8,10,9,Overweight,112/75,90,13592,Insomnia
468,Male,52,Scientist,7.3,5,76,9,Normal,138/74,88,11762,None
469,Female,31,Doctor,8.6,2,39,10,Overweight,137/84,64,14256,None
470,Female,45,Salesperson,7.4,7,35,2,Underweight,140/71,60,12555,None
471,Male,27,Manager,7.4,7,80,10,Obese,121/83,68,7781,None
472,Female,,Manager,6.4,6,27,8,Underweight,127/83,97,8942,Insomnia
473,Male,50,Manager,8.9,3,39,6,Overweight,119/85,97,9493,Sleep Apnea
474,Female,53,Clerk,6,5,58,8,Normal,126/75,69,12011,Insomnia
475,Female,52,Doctor,6.2,9,11,6,Overweight,127/80,100,9284,None
476,Male,34,Teacher,5.9,8,34,1,Normal,133/78,96,14492,None
477,Male,58,Nurse,5.4,3,72,6,Normal,133/82,81,1891,None
478,Male,25,Scientist,8.4,3,56,3,Underweight,131/88,82,4955,None
479,Female,59,Salesperson,6.1,6,29,4,Underweight,112/88,85,1443,None
480,Female,,Artist,8.3,1,28,2,Overweight,110/80,89,13431,None
481,Male,48,Doctor,5.7,7,46,1,Overweight,136/81,83,14766,None
482,Male,37,Nurse,7.9,5,20,8,Underweight,112/77,92,12522,Insomnia
483,Male,30,Clerk,5.6,4,27,2,Underweight,123/83,93,8209,None
484,Male,25,Teacher,8,3,81,1,Normal,137/75,89,9117,None
485,Male,63,Artist,5.9,3,96,5,Normal,133/82,63,14072,Insomnia
486,Female,43,Teacher,4.6,9,89,9,Underweight,139/76,83,4818,None
487,Male,46,Artist,6,2,52,10,Obese,126/70,78,7747,None
488,Male,,Nurse,6,2,36,3,Obese,110/83,68,13634,Sleep Apnea
489,Male,39,Engineer,8.7,4,50,4,Normal,127/82,63,3742,None
490,Male,33,Engineer,6,2,14,10,Overweight,116/76,74,3403,None
491,Female,,Teacher,6.8,3,53,5,Overweight,124/80,75,11100,None
492,Female,39,Manager,7,1,36,4,Normal,115/73,94,10336,Sleep Apnea
493,Male,59,Engineer,4.9,4,100,6,Underweight,132/72,62,1254,Insomnia
494,Male,24,Salesperson,4.7,7,79,5,Normal,139/84,79,5392,Sleep Apnea
495,Female,50,Software Engineer,6.4,7,28,9,Underweight,114/87,71,10943,Sleep Apnea
496,Female,50,Engineer,7,6,73,6,Underweight,137/76,98,12655,Insomnia
497,Female,50,Engineer,7,6,73,6,Underweight,137/76,98,12655,Insomnia
498,Female,50,Engineer,7,6,73,6,Underweight,137/76,98,12655,Insomnia
499,Male,26,Nurse,7.4,3,42,10,Underweight,111/70,60,7834,Insomnia
500,Male,,Manager,5,8,88,5,Obese,127/74,86,8544,None
